problem_id,top_module,arch_path,response_path,result_path,check_status,build_status,eval_status,passed,failure_summary
cvdp_copilot_16qam_mapper_0001,qam16_mapper_interpolated,runs/arch/cvdp_copilot_16qam_mapper_0001/qam16_mapper_interpolated.arch,runs/arch/cvdp_copilot_16qam_mapper_0001/cvdp_copilot_16qam_mapper_0001_response.txt,runs/arch/cvdp_copilot_16qam_mapper_0001/first_pass_worker_result.json,PASS,PASS,PASS,True,
cvdp_copilot_16qam_mapper_0006,qam16_demapper_interpolated,runs/arch/cvdp_copilot_16qam_mapper_0006/qam16_demapper_interpolated.arch,runs/arch/cvdp_copilot_16qam_mapper_0006/cvdp_copilot_16qam_mapper_0006_response.txt,runs/arch/cvdp_copilot_16qam_mapper_0006/first_pass_worker_result.json,PASS,PASS,PASS,True,
cvdp_copilot_64b66b_encoder_0001,encoder_64b66b,runs/arch/cvdp_copilot_64b66b_encoder_0001/encoder_64b66b.arch,runs/arch/cvdp_copilot_64b66b_encoder_0001/cvdp_copilot_64b66b_encoder_0001_response.txt,runs/arch/cvdp_copilot_64b66b_encoder_0001/first_pass_worker_result.json,PASS,PASS,PASS,True,
cvdp_copilot_8x3_priority_encoder_0001,priority_encoder_8x3,runs/arch/cvdp_copilot_8x3_priority_encoder_0001/priority_encoder_8x3.arch,runs/arch/cvdp_copilot_8x3_priority_encoder_0001/cvdp_copilot_8x3_priority_encoder_0001_response.txt,runs/arch/cvdp_copilot_8x3_priority_encoder_0001/first_pass_worker_result.json,PASS,PASS,PASS,True,
cvdp_copilot_Carry_Lookahead_Adder_0001,GP,runs/arch/cvdp_copilot_Carry_Lookahead_Adder_0001/GP.arch,runs/arch/cvdp_copilot_Carry_Lookahead_Adder_0001/cvdp_copilot_Carry_Lookahead_Adder_0001_response.txt,runs/arch/cvdp_copilot_Carry_Lookahead_Adder_0001/first_pass_worker_result.json,PASS,PASS,PASS,True,
cvdp_copilot_GFCM_0001,glitch_free_mux,runs/arch/cvdp_copilot_GFCM_0001/glitch_free_mux.arch,runs/arch/cvdp_copilot_GFCM_0001/cvdp_copilot_GFCM_0001_response.txt,runs/arch/cvdp_copilot_GFCM_0001/first_pass_worker_result.json,PASS,PASS,PASS,True,
cvdp_copilot_axi_stream_upscale_0001,axis_upscale,runs/arch/cvdp_copilot_axi_stream_upscale_0001/axis_upscale.arch,runs/arch/cvdp_copilot_axi_stream_upscale_0001/cvdp_copilot_axi_stream_upscale_0001_response.txt,runs/arch/cvdp_copilot_axi_stream_upscale_0001/first_pass_worker_result.json,PASS,PASS,FAIL,False,Protocol/timing mismatch: evaluator expected s_axis_ready to be 0 but observed 1 at 250 ns; check/build/lint passed.
cvdp_copilot_axis_joiner_0001,axis_joiner,runs/arch/cvdp_copilot_axis_joiner_0001/axis_joiner.arch,runs/arch/cvdp_copilot_axis_joiner_0001/cvdp_copilot_axis_joiner_0001_response.txt,runs/arch/cvdp_copilot_axis_joiner_0001/first_pass_worker_result.json,PASS,PASS,PASS,True,
cvdp_copilot_bcd_counter_0001,bcd_counter,runs/arch/cvdp_copilot_bcd_counter_0001/bcd_counter.arch,runs/arch/cvdp_copilot_bcd_counter_0001/cvdp_copilot_bcd_counter_0001_response.txt,runs/arch/cvdp_copilot_bcd_counter_0001/first_pass_worker_result.json,PASS,PASS,PASS,True,
cvdp_copilot_binary_to_one_hot_decoder_0001,binary_to_one_hot_decoder,runs/arch/cvdp_copilot_binary_to_one_hot_decoder_0001/binary_to_one_hot_decoder.arch,runs/arch/cvdp_copilot_binary_to_one_hot_decoder_0001/cvdp_copilot_binary_to_one_hot_decoder_0001_response.txt,runs/arch/cvdp_copilot_binary_to_one_hot_decoder_0001/first_pass_worker_result.json,PASS,PASS,PASS,True,
cvdp_copilot_bus_arbiter_0001,cvdp_copilot_bus_arbiter,runs/arch/cvdp_copilot_bus_arbiter_0001/cvdp_copilot_bus_arbiter.arch,runs/arch/cvdp_copilot_bus_arbiter_0001/cvdp_copilot_bus_arbiter_0001_response.txt,runs/arch/cvdp_copilot_bus_arbiter_0001/first_pass_worker_result.json,PASS,PASS,PASS,True,
cvdp_copilot_caesar_cipher_0001,caesar_cipher,runs/arch/cvdp_copilot_caesar_cipher_0001/caesar_cipher.arch,runs/arch/cvdp_copilot_caesar_cipher_0001/cvdp_copilot_caesar_cipher_0001_response.txt,runs/arch/cvdp_copilot_caesar_cipher_0001/first_pass_worker_result.json,UNKNOWN,UNKNOWN,PASS,True,
cvdp_copilot_car_parking_management_0001,car_parking_system,runs/arch/cvdp_copilot_car_parking_management_0001/car_parking_system.arch,runs/arch/cvdp_copilot_car_parking_management_0001/cvdp_copilot_car_parking_management_0001_response.txt,runs/arch/cvdp_copilot_car_parking_management_0001/first_pass_worker_result.json,PASS,PASS,PASS,True,
cvdp_copilot_cascaded_adder_0001,cascaded_adder,runs/arch/cvdp_copilot_cascaded_adder_0001/cascaded_adder.arch,runs/arch/cvdp_copilot_cascaded_adder_0001/cvdp_copilot_cascaded_adder_0001_response.txt,runs/arch/cvdp_copilot_cascaded_adder_0001/first_pass_worker_result.json,UNKNOWN,UNKNOWN,PASS,True,
cvdp_copilot_clock_divider_0003,clock_divider,runs/arch/cvdp_copilot_clock_divider_0003/clock_divider.arch,runs/arch/cvdp_copilot_clock_divider_0003/cvdp_copilot_clock_divider_0003_response.txt,runs/arch/cvdp_copilot_clock_divider_0003/first_pass_worker_result.json,UNKNOWN,UNKNOWN,PASS,True,
cvdp_copilot_clock_jitter_detection_module_0003,clock_jitter_detection_module,runs/arch/cvdp_copilot_clock_jitter_detection_module_0003/clock_jitter_detection_module.arch,runs/arch/cvdp_copilot_clock_jitter_detection_module_0003/cvdp_copilot_clock_jitter_detection_module_0003_response.txt,runs/arch/cvdp_copilot_clock_jitter_detection_module_0003/first_pass_worker_result.json,PASS,PASS,FAIL,False,Algorithmic/timing mismatch: jitter detection cocotb parameterizations failed after Icarus simulation; check/build/lint passed.
cvdp_copilot_comparator_0001,signed_unsigned_comparator,runs/arch/cvdp_copilot_comparator_0001/signed_unsigned_comparator.arch,runs/arch/cvdp_copilot_comparator_0001/cvdp_copilot_comparator_0001_response.txt,runs/arch/cvdp_copilot_comparator_0001/first_pass_worker_result.json,PASS,PASS,PASS,True,
cvdp_copilot_complex_multiplier_0001,complex_multiplier,runs/arch/cvdp_copilot_complex_multiplier_0001/complex_multiplier.arch,runs/arch/cvdp_copilot_complex_multiplier_0001/cvdp_copilot_complex_multiplier_0001_response.txt,runs/arch/cvdp_copilot_complex_multiplier_0001/first_pass_worker_result.json,UNKNOWN,UNKNOWN,PASS,True,
cvdp_copilot_convolutional_encoder_0001,convolutional_encoder,runs/arch/cvdp_copilot_convolutional_encoder_0001/convolutional_encoder.arch,runs/arch/cvdp_copilot_convolutional_encoder_0001/cvdp_copilot_convolutional_encoder_0001_response.txt,runs/arch/cvdp_copilot_convolutional_encoder_0001/first_pass_worker_result.json,PASS,PASS,FAIL,False,Protocol/timing mismatch: reset-focused cocotb test failed while other encoder tests passed; check/build/lint passed.
cvdp_copilot_data_bus_controller_0001,data_bus_controller,runs/arch/cvdp_copilot_data_bus_controller_0001/data_bus_controller.arch,runs/arch/cvdp_copilot_data_bus_controller_0001/cvdp_copilot_data_bus_controller_0001_response.txt,runs/arch/cvdp_copilot_data_bus_controller_0001/first_pass_worker_result.json,PASS,PASS,FAIL,False,"Interface mismatch: evaluator expected DUT child port s_ready, but generated module did not expose it; check/build/lint passed."
cvdp_copilot_data_width_converter_0003,data_width_converter,runs/arch/cvdp_copilot_data_width_converter_0003/data_width_converter.arch,runs/arch/cvdp_copilot_data_width_converter_0003/cvdp_copilot_data_width_converter_0003_response.txt,runs/arch/cvdp_copilot_data_width_converter_0003/first_pass_worker_result.json,UNKNOWN,UNKNOWN,PASS,True,
cvdp_copilot_dbi_0001,dbi_enc,runs/arch/cvdp_copilot_dbi_0001/dbi_enc.arch,runs/arch/cvdp_copilot_dbi_0001/cvdp_copilot_dbi_0001_response.txt,runs/arch/cvdp_copilot_dbi_0001/first_pass_worker_result.json,UNKNOWN,UNKNOWN,PASS,True,
cvdp_copilot_decode_firstbit_0001,cvdp_copilot_decode_firstbit,runs/arch/cvdp_copilot_decode_firstbit_0001/cvdp_copilot_decode_firstbit.arch,runs/arch/cvdp_copilot_decode_firstbit_0001/cvdp_copilot_decode_firstbit_0001_response.txt,runs/arch/cvdp_copilot_decode_firstbit_0001/first_pass_worker_result.json,PASS,PASS,FAIL,False,Algorithmic mismatch: evaluator reported Out_Found signal mismatch; check/build/lint passed.
cvdp_copilot_digital_dice_roller_0001,digital_dice_roller,runs/arch/cvdp_copilot_digital_dice_roller_0001/digital_dice_roller.arch,runs/arch/cvdp_copilot_digital_dice_roller_0001/cvdp_copilot_digital_dice_roller_0001_response.txt,runs/arch/cvdp_copilot_digital_dice_roller_0001/first_pass_worker_result.json,PASS,PASS,FAIL,False,"Interface mismatch: evaluator expected DUT child port reset, but generated module did not expose it; check/build/lint passed."
cvdp_copilot_digital_stopwatch_0001,dig_stopwatch,runs/arch/cvdp_copilot_digital_stopwatch_0001/dig_stopwatch.arch,runs/arch/cvdp_copilot_digital_stopwatch_0001/cvdp_copilot_digital_stopwatch_0001_response.txt,runs/arch/cvdp_copilot_digital_stopwatch_0001/first_pass_worker_result.json,PASS,PASS,FAIL,False,Protocol/timing mismatch: stopwatch cocotb parameterizations failed after simulation; check/build/lint passed.
cvdp_copilot_edge_detector_0001,sync_pos_neg_edge_detector,runs/arch/cvdp_copilot_edge_detector_0001/sync_pos_neg_edge_detector.arch,runs/arch/cvdp_copilot_edge_detector_0001/cvdp_copilot_edge_detector_0001_response.txt,runs/arch/cvdp_copilot_edge_detector_0001/first_pass_worker_result.json,PASS,UNKNOWN,PASS,True,
cvdp_copilot_factorial_0001,factorial,runs/arch/cvdp_copilot_factorial_0001/factorial.arch,runs/arch/cvdp_copilot_factorial_0001/cvdp_copilot_factorial_0001_response.txt,runs/arch/cvdp_copilot_factorial_0001/first_pass_worker_result.json,UNKNOWN,UNKNOWN,PASS,True,
cvdp_copilot_fibonacci_series_0001,fibonacci_series,runs/arch/cvdp_copilot_fibonacci_series_0001/fibonacci_series.arch,runs/arch/cvdp_copilot_fibonacci_series_0001/cvdp_copilot_fibonacci_series_0001_response.txt,runs/arch/cvdp_copilot_fibonacci_series_0001/first_pass_worker_result.json,PASS,PASS,FAIL,False,Algorithmic mismatch: evaluator expected 0 but observed 3 from DUT; check/build/lint passed.
cvdp_copilot_gf_multiplier_0001,gf_multiplier,runs/arch/cvdp_copilot_gf_multiplier_0001/gf_multiplier.arch,runs/arch/cvdp_copilot_gf_multiplier_0001/cvdp_copilot_gf_multiplier_0001_response.txt,runs/arch/cvdp_copilot_gf_multiplier_0001/first_pass_worker_result.json,UNKNOWN,UNKNOWN,PASS,True,
cvdp_copilot_hebbian_rule_0017,hebb_gates,runs/arch/cvdp_copilot_hebbian_rule_0017/hebb_gates.arch,runs/arch/cvdp_copilot_hebbian_rule_0017/cvdp_copilot_hebbian_rule_0017_response.txt,runs/arch/cvdp_copilot_hebbian_rule_0017/first_pass_worker_result.json,PASS,PASS,PASS,True,
cvdp_copilot_load_store_unit_0001,load_store_unit,runs/arch/cvdp_copilot_load_store_unit_0001/load_store_unit.arch,runs/arch/cvdp_copilot_load_store_unit_0001/cvdp_copilot_load_store_unit_0001_response.txt,runs/arch/cvdp_copilot_load_store_unit_0001/first_pass_worker_result.json,PASS,PASS,PASS,True,
cvdp_copilot_matrix_multiplier_0001,matrix_multiplier,runs/arch/cvdp_copilot_matrix_multiplier_0001/matrix_multiplier.arch,runs/arch/cvdp_copilot_matrix_multiplier_0001/cvdp_copilot_matrix_multiplier_0001_response.txt,runs/arch/cvdp_copilot_matrix_multiplier_0001/first_pass_worker_result.json,UNKNOWN,UNKNOWN,PASS,True,
cvdp_copilot_morse_code_0001,morse_encoder,runs/arch/cvdp_copilot_morse_code_0001/morse_encoder.arch,runs/arch/cvdp_copilot_morse_code_0001/cvdp_copilot_morse_code_0001_response.txt,runs/arch/cvdp_copilot_morse_code_0001/first_pass_worker_result.json,UNKNOWN,UNKNOWN,PASS,True,
cvdp_copilot_moving_average_0001,moving_average,runs/arch/cvdp_copilot_moving_average_0001/moving_average.arch,runs/arch/cvdp_copilot_moving_average_0001/cvdp_copilot_moving_average_0001_response.txt,runs/arch/cvdp_copilot_moving_average_0001/first_pass_worker_result.json,UNKNOWN,UNKNOWN,PASS,True,
cvdp_copilot_nbit_swizzling_0001,nbit_swizzling,runs/arch/cvdp_copilot_nbit_swizzling_0001/nbit_swizzling.arch,runs/arch/cvdp_copilot_nbit_swizzling_0001/cvdp_copilot_nbit_swizzling_0001_response.txt,runs/arch/cvdp_copilot_nbit_swizzling_0001/first_pass_worker_result.json,PASS,PASS,PASS,True,
cvdp_copilot_packet_controller_0001,packet_controller,runs/arch/cvdp_copilot_packet_controller_0001/packet_controller.arch,runs/arch/cvdp_copilot_packet_controller_0001/cvdp_copilot_packet_controller_0001_response.txt,runs/arch/cvdp_copilot_packet_controller_0001/first_pass_worker_result.json,PASS,PASS,FAIL,False,Algorithmic/protocol mismatch: packet controller failed invalid checksum/header cocotb cases; check/build/lint passed.
cvdp_copilot_palindrome_3b_0002,palindrome_detect,runs/arch/cvdp_copilot_palindrome_3b_0002/palindrome_detect.arch,runs/arch/cvdp_copilot_palindrome_3b_0002/cvdp_copilot_palindrome_3b_0002_response.txt,runs/arch/cvdp_copilot_palindrome_3b_0002/first_pass_worker_result.json,PASS,PASS,PASS,True,
cvdp_copilot_perceptron_0001,perceptron_gates,runs/arch/cvdp_copilot_perceptron_0001/perceptron_gates.arch,runs/arch/cvdp_copilot_perceptron_0001/cvdp_copilot_perceptron_0001_response.txt,runs/arch/cvdp_copilot_perceptron_0001/first_pass_worker_result.json,UNKNOWN,UNKNOWN,PASS,True,
cvdp_copilot_perf_counters_0001,cvdp_copilot_perf_counters,runs/arch/cvdp_copilot_perf_counters_0001/cvdp_copilot_perf_counters.arch,runs/arch/cvdp_copilot_perf_counters_0001/cvdp_copilot_perf_counters_0001_response.txt,runs/arch/cvdp_copilot_perf_counters_0001/first_pass_worker_result.json,PASS,PASS,FAIL,False,"Algorithmic mismatch: performance counter cocotb tests failed, including overflow behavior; check/build/lint passed."
cvdp_copilot_perfect_squares_0001,perfect_squares_generator,runs/arch/cvdp_copilot_perfect_squares_0001/perfect_squares_generator.arch,runs/arch/cvdp_copilot_perfect_squares_0001/cvdp_copilot_perfect_squares_0001_response.txt,runs/arch/cvdp_copilot_perfect_squares_0001/first_pass_worker_result.json,PASS,PASS,PASS,True,
cvdp_copilot_prbs_gen_0003,cvdp_prbs_gen,runs/arch/cvdp_copilot_prbs_gen_0003/cvdp_prbs_gen.arch,runs/arch/cvdp_copilot_prbs_gen_0003/cvdp_copilot_prbs_gen_0003_response.txt,runs/arch/cvdp_copilot_prbs_gen_0003/first_pass_worker_result.json,PASS,PASS,FAIL,False,Build/lint/simulation mismatch: evaluator failed multiple PRBS parameterizations via subprocess failure; ARCH check/build/lint passed with a comb-SCC warning.
cvdp_copilot_restoring_division_0001,restoring_division,runs/arch/cvdp_copilot_restoring_division_0001/restoring_division.arch,runs/arch/cvdp_copilot_restoring_division_0001/cvdp_copilot_restoring_division_0001_response.txt,runs/arch/cvdp_copilot_restoring_division_0001/first_pass_worker_result.json,PASS,PASS,FAIL,False,Algorithmic mismatch: restoring division failed parameterized WIDTH tests after simulation; check/build/lint passed.
cvdp_copilot_reverse_bits_0001,reverse_bits,runs/arch/cvdp_copilot_reverse_bits_0001/reverse_bits.arch,runs/arch/cvdp_copilot_reverse_bits_0001/cvdp_copilot_reverse_bits_0001_response.txt,runs/arch/cvdp_copilot_reverse_bits_0001/first_pass_worker_result.json,UNKNOWN,UNKNOWN,PASS,True,
cvdp_copilot_sequencial_binary_to_one_hot_decoder_0001,binary_to_one_hot_decoder_sequential,runs/arch/cvdp_copilot_sequencial_binary_to_one_hot_decoder_0001/binary_to_one_hot_decoder_sequential.arch,runs/arch/cvdp_copilot_sequencial_binary_to_one_hot_decoder_0001/cvdp_copilot_sequencial_binary_to_one_hot_decoder_0001_response.txt,runs/arch/cvdp_copilot_sequencial_binary_to_one_hot_decoder_0001/first_pass_worker_result.json,UNKNOWN,UNKNOWN,PASS,True,
cvdp_copilot_static_branch_predict_0001,static_branch_predict,runs/arch/cvdp_copilot_static_branch_predict_0001/static_branch_predict.arch,runs/arch/cvdp_copilot_static_branch_predict_0001/cvdp_copilot_static_branch_predict_0001_response.txt,runs/arch/cvdp_copilot_static_branch_predict_0001/first_pass_worker_result.json,PASS,PASS,FAIL,False,"Interface mismatch: evaluator expected DUT child port register_addr_i, but generated module did not expose it; check/build/lint passed."
cvdp_copilot_sync_lifo_0001,sync_lifo,runs/arch/cvdp_copilot_sync_lifo_0001/sync_lifo.arch,runs/arch/cvdp_copilot_sync_lifo_0001/cvdp_copilot_sync_lifo_0001_response.txt,runs/arch/cvdp_copilot_sync_lifo_0001/first_pass_worker_result.json,PASS,PASS,PASS,True,
cvdp_copilot_thermostat_0001,thermostat,runs/arch/cvdp_copilot_thermostat_0001/thermostat.arch,runs/arch/cvdp_copilot_thermostat_0001/cvdp_copilot_thermostat_0001_response.txt,runs/arch/cvdp_copilot_thermostat_0001/first_pass_worker_result.json,PASS,PASS,PASS,True,
cvdp_copilot_ttc_lite_0001,ttc_counter_lite,runs/arch/cvdp_copilot_ttc_lite_0001/ttc_counter_lite.arch,runs/arch/cvdp_copilot_ttc_lite_0001/cvdp_copilot_ttc_lite_0001_response.txt,runs/arch/cvdp_copilot_ttc_lite_0001/first_pass_worker_result.json,PASS,PASS,FAIL,False,"Interface mismatch: evaluator expected DUT child port enable, but generated module did not expose it; check/build/lint passed."
cvdp_copilot_unpacker_one_hot_0001,unpack_one_hot,runs/arch/cvdp_copilot_unpacker_one_hot_0001/unpack_one_hot.arch,runs/arch/cvdp_copilot_unpacker_one_hot_0001/cvdp_copilot_unpacker_one_hot_0001_response.txt,runs/arch/cvdp_copilot_unpacker_one_hot_0001/first_pass_worker_result.json,UNKNOWN,UNKNOWN,PASS,True,
cvdp_copilot_vending_machine_0001,vending_machine,runs/arch/cvdp_copilot_vending_machine_0001/vending_machine.arch,runs/arch/cvdp_copilot_vending_machine_0001/cvdp_copilot_vending_machine_0001_response.txt,runs/arch/cvdp_copilot_vending_machine_0001/first_pass_worker_result.json,PASS,PASS,FAIL,False,Protocol/timing mismatch: vending machine failed all parameterized cocotb cases after simulation; check/build/lint passed.
